Name,Rookie of the Year
Don Meineke,1
Ray Felix,1
Bob Pettit,1
Maurice Stokes,1
Tom Heinsohn,1
Wood Sauldsberry,1
Elgin Baylor,1
Wilt Chamberlain,1
Oscar Robertson,1
Walt Bellamy,1
Terry Dischinger,1
Jerry Lucas,1
Willis Reed,1
Rick Barry,1
Dave Bing,1
Earl Monroe,1
Wes Unseld,1
Lew Alcindor,1
Geoff Petrie,1
Sidney Wicks,1
Bob McAdoo,1
Ernie DiGregorio,1
Jamaal Wilkes,1
Alvan Adams,1
Adrian Dantley,1
Walter Davis,1
Phil Ford,1
Larry Bird,1
Darrell Griffith,1
Buck Williams,1
Terry Cummings,1
Ralph Sampson,1
Michael Jordan,1
Patrick Ewing,1
Chuck Person,1
Mark Jackson,1
Mitch Richmond,1
David Robinson,1
Derrick Coleman,1
Larry Johnson,1
Shaquille O'Neal,1
Chris Webber,1
Jason Kidd,1
Damon Stoudamire,1
Allen Iverson,1
Tim Duncan,1
Vince Carter,1
Steve Francis,1
Elton Brand,1
Grant Hill,1
Dave Cowens,1
Mike Miller,1
Pau Gasol,1
Amar'e Stoudemire,1
Lebron James,1
Emeka Okafor,1
Chris Paul,1
Brandon Roy,1
Kevin Durant,1
Derrick Rose,1
Tyreke Evans,1
Blake Griffin,1
Kyrie Irving,1
Damian Lillard,1
Michael Carter-Williams,1
Andrew Wiggins,1
Karl-Anthony Towns,1
Malcolm Brogdon,1
Ben Simmons,1
Luka Doncic,1
Ja Morant,1
